{
    "epochs": [
        {
            "epoch": 1,
            "training": {
                "loss": 0.6338881917476654,
                "accuracy": 0.6598659865986599
            },
            "validation": {
                "loss": 0.6359292149543763,
                "accuracy": 0.6666666666666666,
                "precision": 0.6666666666666666,
                "recall": 1.0,
                "specificity": 0.0,
                "f1": 0.8,
                "mcc": 0.0,
                "auc": 0.6421256391526662
            }
        },
        {
            "epoch": 2,
            "training": {
                "loss": 0.637124298453331,
                "accuracy": 0.6662666266626662
            },
            "validation": {
                "loss": 0.6343747241156442,
                "accuracy": 0.6666666666666666,
                "precision": 0.6666666666666666,
                "recall": 1.0,
                "specificity": 0.0,
                "f1": 0.8,
                "mcc": 0.0,
                "auc": 0.6920745069393718
            }
        }
    ]
}