{
    "epochs": [
        {
            "epoch": 1,
            "training": {
                "loss": 0.5658749436855316,
                "accuracy": 0.7002700270027002
            },
            "validation": {
                "loss": 0.4810345971158573,
                "accuracy": 0.7711711711711712,
                "accuracy_detailed": 0.7711711711711712,
                "precision": 0.7885985748218527,
                "recall": 0.8972972972972973,
                "specificity": 0.518918918918919,
                "ppv": 0.7885985748218527,
                "f1": 0.8394437420986094,
                "mcc": 0.458471428363569,
                "auc": 0.8318918918918918
            }
        },
        {
            "epoch": 2,
            "training": {
                "loss": 0.45942227190732954,
                "accuracy": 0.7876787678767877
            },
            "validation": {
                "loss": 0.44546792720045364,
                "accuracy": 0.790990990990991,
                "accuracy_detailed": 0.790990990990991,
                "precision": 0.8307291666666666,
                "recall": 0.8621621621621621,
                "specificity": 0.6486486486486487,
                "ppv": 0.8307291666666666,
                "f1": 0.8461538461538461,
                "mcc": 0.521534615594361,
                "auc": 0.8539371804236668
            }
        },
        {
            "epoch": 3,
            "training": {
                "loss": 0.36801427550762894,
                "accuracy": 0.8407840784078408
            },
            "validation": {
                "loss": 0.4331509225070477,
                "accuracy": 0.7963963963963964,
                "accuracy_detailed": 0.7963963963963964,
                "precision": 0.8141809290953546,
                "recall": 0.9,
                "specificity": 0.5891891891891892,
                "ppv": 0.8141809290953546,
                "f1": 0.8549422336328626,
                "mcc": 0.5237517597275747,
                "auc": 0.8671877282688094
            }
        },
        {
            "epoch": 4,
            "training": {
                "loss": 0.2658767038732767,
                "accuracy": 0.8925892589258926
            },
            "validation": {
                "loss": 0.4413466429603951,
                "accuracy": 0.8054054054054054,
                "accuracy_detailed": 0.8054054054054054,
                "precision": 0.8358974358974359,
                "recall": 0.8810810810810811,
                "specificity": 0.654054054054054,
                "ppv": 0.8358974358974359,
                "f1": 0.8578947368421053,
                "mcc": 0.5519197266046799,
                "auc": 0.8778232286340394
            }
        },
        {
            "epoch": 5,
            "training": {
                "loss": 0.17816172852814197,
                "accuracy": 0.9305930593059306
            },
            "validation": {
                "loss": 0.4776661593466997,
                "accuracy": 0.790990990990991,
                "accuracy_detailed": 0.790990990990991,
                "precision": 0.8547486033519553,
                "recall": 0.827027027027027,
                "specificity": 0.7189189189189189,
                "ppv": 0.8547486033519553,
                "f1": 0.8406593406593407,
                "mcc": 0.537850708701752,
                "auc": 0.877808619430241
            }
        }
    ],
    "test": {
        "accuracy": 0.737410071942446,
        "precision": 0.8353293413173652,
        "recall": 0.754054054054054,
        "specificity": 0.7043010752688172,
        "ppv": 0.8353293413173652,
        "f1": 0.7926136363636364,
        "mcc": 0.4415803194201781,
        "auc": 0.8129322871258355
    }
}