{
    "seed": 42,
    "test_results": {
        "accuracy": 0.737410071942446,
        "precision": 0.8353293413173652,
        "recall": 0.754054054054054,
        "specificity": 0.7043010752688172,
        "ppv": 0.8353293413173652,
        "f1": 0.7926136363636364,
        "mcc": 0.4415803194201781,
        "auc": 0.8129322871258355
    }
}