{
    "epochs": [
        {
            "epoch": 1,
            "training": {
                "loss": 0.5841155788817582,
                "accuracy": 0.6959858621560212
            },
            "validation": {
                "loss": 0.5392717667988368,
                "accuracy": 0.7263636363636363,
                "accuracy_detailed": 0.7263636363636363,
                "precision": 0.7371794871794872,
                "recall": 0.9261744966442953,
                "specificity": 0.30704225352112674,
                "ppv": 0.7371794871794872,
                "f1": 0.8209399167162403,
                "mcc": 0.306120351793075,
                "auc": 0.7601588051800736
            }
        },
        {
            "epoch": 2,
            "training": {
                "loss": 0.4589825334186893,
                "accuracy": 0.7888916940166625
            },
            "validation": {
                "loss": 0.506093207853181,
                "accuracy": 0.7727272727272727,
                "accuracy_detailed": 0.7727272727272727,
                "precision": 0.7759197324414716,
                "recall": 0.934228187919463,
                "specificity": 0.43380281690140843,
                "ppv": 0.7759197324414716,
                "f1": 0.8477466504263094,
                "mcc": 0.4435396810451131,
                "auc": 0.8216693449286321
            }
        },
        {
            "epoch": 3,
            "training": {
                "loss": 0.2782038977920335,
                "accuracy": 0.8877556172683666
            },
            "validation": {
                "loss": 0.5444931275078229,
                "accuracy": 0.7845454545454545,
                "accuracy_detailed": 0.7845454545454545,
                "precision": 0.816708229426434,
                "recall": 0.8791946308724832,
                "specificity": 0.5859154929577465,
                "ppv": 0.816708229426434,
                "f1": 0.8468002585649644,
                "mcc": 0.4892747339032095,
                "auc": 0.8275073258341998
            }
        },
        {
            "epoch": 4,
            "training": {
                "loss": 0.13287076414058735,
                "accuracy": 0.9530421610704367
            },
            "validation": {
                "loss": 0.6341585423265185,
                "accuracy": 0.7863636363636364,
                "accuracy_detailed": 0.7863636363636364,
                "precision": 0.81875,
                "recall": 0.8791946308724832,
                "specificity": 0.5915492957746479,
                "ppv": 0.81875,
                "f1": 0.8478964401294499,
                "mcc": 0.4941643572215617,
                "auc": 0.8278627469515077
            }
        },
        {
            "epoch": 5,
            "training": {
                "loss": 0.05745818463202283,
                "accuracy": 0.9829336026255996
            },
            "validation": {
                "loss": 0.7588379808834621,
                "accuracy": 0.7763636363636364,
                "accuracy_detailed": 0.7763636363636364,
                "precision": 0.8528995756718529,
                "recall": 0.8093959731543624,
                "specificity": 0.7070422535211267,
                "ppv": 0.8528995756718529,
                "f1": 0.8305785123966942,
                "mcc": 0.503854001527782,
                "auc": 0.8329558559410152
            }
        }
    ],
    "test": {
        "accuracy": 0.7747502270663034,
        "precision": 0.8373983739837398,
        "recall": 0.8284182305630027,
        "specificity": 0.6619718309859155,
        "ppv": 0.8373983739837398,
        "f1": 0.8328840970350404,
        "mcc": 0.48757761294842883,
        "auc": 0.8215949854623721
    }
}