{
    "seed": 42,
    "test_results": {
        "accuracy": 0.7747502270663034,
        "precision": 0.8373983739837398,
        "recall": 0.8284182305630027,
        "specificity": 0.6619718309859155,
        "ppv": 0.8373983739837398,
        "f1": 0.8328840970350404,
        "mcc": 0.48757761294842883,
        "auc": 0.8215949854623721
    }
}