{
    "epochs": [
        {
            "epoch": 1,
            "training": {
                "loss": 0.5979319613012141,
                "accuracy": 0.6848045274182007
            },
            "validation": {
                "loss": 0.593654402980098,
                "accuracy": 0.7154566744730679,
                "accuracy_detailed": 0.7154566744730679,
                "precision": 0.7091633466135459,
                "recall": 0.956989247311828,
                "specificity": 0.26013513513513514,
                "ppv": 0.7091633466135459,
                "f1": 0.8146453089244852,
                "mcc": 0.3199730317180235,
                "auc": 0.7426816937905648
            }
        },
        {
            "epoch": 2,
            "training": {
                "loss": 0.5112096497190111,
                "accuracy": 0.7517725883041696
            },
            "validation": {
                "loss": 0.5398626818701073,
                "accuracy": 0.7482435597189696,
                "accuracy_detailed": 0.7482435597189696,
                "precision": 0.7529498525073747,
                "recall": 0.9148745519713262,
                "specificity": 0.4341216216216216,
                "ppv": 0.7529498525073747,
                "f1": 0.8260517799352751,
                "mcc": 0.41059384946494554,
                "auc": 0.7679256877845587
            }
        },
        {
            "epoch": 3,
            "training": {
                "loss": 0.3457676758611736,
                "accuracy": 0.8543225134976907
            },
            "validation": {
                "loss": 0.6098377704620361,
                "accuracy": 0.7318501170960188,
                "accuracy_detailed": 0.7318501170960188,
                "precision": 0.771004942339374,
                "recall": 0.8387096774193549,
                "specificity": 0.5304054054054054,
                "ppv": 0.771004942339374,
                "f1": 0.8034334763948497,
                "mcc": 0.3874198999035548,
                "auc": 0.7624948537246925
            }
        },
        {
            "epoch": 4,
            "training": {
                "loss": 0.12286731480493847,
                "accuracy": 0.9589214857217199
            },
            "validation": {
                "loss": 0.8335757200364713,
                "accuracy": 0.7353629976580797,
                "accuracy_detailed": 0.7353629976580797,
                "precision": 0.7610062893081762,
                "recall": 0.8673835125448028,
                "specificity": 0.4864864864864865,
                "ppv": 0.7610062893081762,
                "f1": 0.8107202680067002,
                "mcc": 0.3862334605064738,
                "auc": 0.7595160684878427
            }
        },
        {
            "epoch": 5,
            "training": {
                "loss": 0.043258488994250686,
                "accuracy": 0.9880634879333897
            },
            "validation": {
                "loss": 1.0856103118922975,
                "accuracy": 0.7236533957845434,
                "accuracy_detailed": 0.7236533957845434,
                "precision": 0.7921960072595281,
                "recall": 0.782258064516129,
                "specificity": 0.6131756756756757,
                "ppv": 0.7921960072595281,
                "f1": 0.7871956717763751,
                "mcc": 0.3933141435090811,
                "auc": 0.7531800954179987
            }
        }
    ],
    "test": {
        "accuracy": 0.7126974839087186,
        "precision": 0.7919776119402985,
        "recall": 0.7600716204118174,
        "specificity": 0.6233108108108109,
        "ppv": 0.7919776119402985,
        "f1": 0.7756966651439013,
        "mcc": 0.37727023120182535,
        "auc": 0.7539840366328727
    }
}