{
    "seed": 42,
    "test_results": {
        "accuracy": 0.7126974839087186,
        "precision": 0.7919776119402985,
        "recall": 0.7600716204118174,
        "specificity": 0.6233108108108109,
        "ppv": 0.7919776119402985,
        "f1": 0.7756966651439013,
        "mcc": 0.37727023120182535,
        "auc": 0.7539840366328727
    }
}