{
    "epochs": [
        {
            "epoch": 1,
            "training": {
                "loss": 0.4943303190732296,
                "accuracy": 0.7465148192322983
            },
            "validation": {
                "loss": 0.4601244518592844,
                "accuracy": 0.770681031165833,
                "accuracy_detailed": 0.770681031165833,
                "precision": 0.6954404603806994,
                "recall": 0.40667874708775564,
                "specificity": 0.9246605343845817,
                "ppv": 0.6954404603806994,
                "f1": 0.5132309702711532,
                "mcc": 0.39961231606198006,
                "auc": 0.8217436580907469
            }
        }
    ],
    "test": null
}