{
    "epochs": [
        {
            "epoch": 1,
            "training": {
                "loss": 0.5688679900765419,
                "accuracy": 0.7147714771477147
            },
            "validation": {
                "loss": 0.4925420471600124,
                "accuracy": 0.7837837837837838,
                "precision": 0.8063725490196079,
                "recall": 0.8891891891891892,
                "specificity": 0.572972972972973,
                "f1": 0.8457583547557841,
                "mcc": 0.4937332366811064,
                "auc": 0.8336011687363039
            }
        },
        {
            "epoch": 2,
            "training": {
                "loss": 0.4559147882580757,
                "accuracy": 0.8097809780978098
            },
            "validation": {
                "loss": 0.45312456467321943,
                "accuracy": 0.8126126126126126,
                "precision": 0.8259803921568627,
                "recall": 0.9108108108108108,
                "specificity": 0.6162162162162163,
                "f1": 0.8663239074550129,
                "mcc": 0.5630291295486302,
                "auc": 0.8469831994156318
            }
        },
        {
            "epoch": 3,
            "training": {
                "loss": 0.37258797318935394,
                "accuracy": 0.8615861586158616
            },
            "validation": {
                "loss": 0.4583140552043915,
                "accuracy": 0.8054054054054054,
                "precision": 0.821078431372549,
                "recall": 0.9054054054054054,
                "specificity": 0.6054054054054054,
                "f1": 0.8611825192802056,
                "mcc": 0.5457051563317492,
                "auc": 0.8485756026296566
            }
        },
        {
            "epoch": 4,
            "training": {
                "loss": 0.3038196632564068,
                "accuracy": 0.8985898589858986
            },
            "validation": {
                "loss": 0.4734995095857552,
                "accuracy": 0.8036036036036036,
                "precision": 0.8085106382978723,
                "recall": 0.9243243243243243,
                "specificity": 0.5621621621621622,
                "f1": 0.862547288776797,
                "mcc": 0.538642178554906,
                "auc": 0.8392403214024836
            }
        }
    ]
}