{
    "seed": 42,
    "test_results": {
        "accuracy": 0.7859712230215827,
        "precision": 0.8346666666666667,
        "recall": 0.845945945945946,
        "specificity": 0.6666666666666666,
        "f1": 0.8402684563758389,
        "mcc": 0.5161687412037999,
        "auc": 0.825820982272595
    }
}